sa2_code,sa2_name,0-4_people,5-9_people,10-14_people,15-19_people,20-24_people,25-29_people,30-34_people,35-39_people,40-44_people,45-49_people,50-54_people,55-59_people,60-64_people,65-69_people,70-74_people,75-79_people,80-84_people,85-and-over_people,total_people
102011028,Avoca Beach - Copacabana,424,522,623,552,386,222,306,416,544,572,602,570,520,464,369,226,142,70,7530
102011029,Box Head - MacMasters Beach,511,666,702,592,461,347,420,535,645,749,749,794,895,863,925,603,331,264,11052
102011030,Calga - Kulnura,200,225,258,278,274,227,214,286,250,325,436,422,397,327,264,190,100,75,4748
102011031,Erina - Green Point,683,804,880,838,661,502,587,757,760,859,882,901,930,917,1065,976,773,1028,14803
102011032,Gosford - Springfield,1164,1044,1084,1072,1499,1864,1750,1520,1324,1330,1241,1377,1285,1166,949,664,476,537,21346
102011033,Kariong,433,510,512,525,407,411,356,441,501,491,481,435,365,241,157,97,90,65,6518
102011034,Kincumber - Picketts Valley,430,434,491,423,342,313,419,394,397,419,415,422,459,441,468,455,383,523,7628
102011035,Narara,472,518,535,441,373,420,457,522,491,505,474,461,457,367,322,201,95,80,7191
102011036,Niagara Park - Lisarow,461,589,656,592,463,400,494,514,549,581,567,572,498,392,347,212,161,189,8237
102011037,Point Clare - Koolewong,356,411,389,355,300,251,358,423,394,493,427,480,443,346,367,300,241,241,6575
102011038,Saratoga - Davistown,371,468,485,429,331,322,365,406,431,473,484,491,504,435,413,329,225,217,7179
102011039,Terrigal - North Avoca,765,957,1029,950,786,753,733,909,953,1037,1031,965,1018,943,874,611,335,241,14890
102011040,Umina - Booker Bay - Patonga,1381,1434,1321,1144,1154,1051,1210,1511,1513,1540,1569,1688,1749,1675,1786,1362,891,874,24853
102011041,Wamberal - Forresters Beach,596,737,847,738,546,456,506,683,691,766,731,655,664,604,575,395,282,219,10691
102011042,Woy Woy - Blackwall,750,763,712,684,693,726,841,806,862,884,934,973,1026,936,920,767,528,597,14402
102011043,Wyoming,695,714,770,662,593,640,802,744,686,685,604,641,619,584,635,522,359,502,11457
102021044,Bateau Bay - Killarney Vale,1477,1628,1507,1249,1126,1268,1517,1511,1350,1360,1269,1319,1398,1354,1221,886,657,889,22986
102021045,Blue Haven - San Remo,880,869,867,755,819,900,834,686,614,716,773,638,579,430,393,298,196,142,11389
102021046,Budgewoi - Buff Point - Halekulani,550,587,540,532,474,591,582,524,515,558,580,667,737,627,631,469,365,259,9788
102021047,Chittaway Bay - Tumbi Umbi,1025,1015,1114,966,936,974,1014,1023,902,985,969,1038,1039,860,794,577,422,419,16072
102021048,Gorokan - Kanwal - Charmhaven,1348,1261,1317,1350,1383,1498,1339,1233,1173,1296,1383,1449,1417,1354,1225,986,742,831,22585
102021049,Jilliby - Yarramalong,142,233,248,274,208,127,147,172,214,273,278,280,271,210,169,101,59,22,3428
102021050,Lake Munmorah - Mannering Park,512,548,584,544,502,550,496,545,455,496,657,723,770,850,971,884,555,365,11007
102021051,Ourimbah - Fountaindale,269,289,349,348,315,286,289,315,311,337,379,384,352,261,190,136,63,68,4941
102021052,Summerland Point - Gwandalan,360,392,411,378,344,353,340,359,341,444,447,454,456,401,459,290,167,122,6518
102021053,The Entrance,780,738,766,751,849,829,908,927,875,1008,1034,1180,1130,1239,1131,761,527,501,15934
102021054,Toukley - Norah Head,561,540,540,471,508,584,526,542,487,561,603,652,704,669,664,527,390,439,9968
102021055,Tuggerah - Kangy Angy,313,363,379,380,364,286,364,330,328,359,358,338,291,241,212,158,117,79,5260
102021056,Warnervale - Wadalba,1514,1580,1779,1544,1215,1202,1291,1490,1443,1395,1138,963,767,740,733,598,409,409,20210
102021057,Wyong,569,544,585,603,590,643,530,519,558,575,631,610,573,491,476,344,197,155,9193
115011290,Baulkham Hills - East,1610,2121,1751,1371,1145,1051,1556,2341,2177,1835,1513,1317,1067,1009,1055,806,575,553,24853
115011291,Baulkham Hills (West) - Bella Vista,1031,1535,1594,1397,1431,1115,1047,1545,1716,1528,1479,1488,1353,1217,1104,609,362,241,21792
115011294,Glenhaven,203,400,492,477,371,201,185,243,396,406,449,421,390,376,352,381,298,327,6368
115011296,West Pennant Hills,567,789,872,837,834,529,540,756,786,813,839,1001,997,1007,733,426,205,167,12698
115011553,Castle Hill - Central,398,610,638,478,419,301,417,632,701,645,465,390,374,357,375,247,137,101,7685
115011554,Castle Hill - East,149,272,395,320,290,195,148,198,326,309,351,360,338,248,255,302,372,845,5673
115011555,Castle Hill - North,525,802,1005,922,699,459,469,719,902,955,859,801,756,792,670,455,240,184,12214
115011556,Castle Hill - South,514,742,811,643,617,482,605,831,857,779,656,595,569,550,470,349,209,157,10436
115011557,Castle Hill - West,238,330,435,414,368,228,214,328,376,408,430,386,347,253,224,124,53,42,5198
115011558,Cherrybrook,732,1250,1598,1486,1118,683,721,1127,1456,1453,1362,1362,1275,1113,904,596,391,508,19135
115011621,Kellyville - East,961,1339,1514,1518,1196,730,822,1281,1495,1508,1326,1091,885,746,567,426,214,129,17748
115011622,Kellyville - West,760,942,781,672,738,664,760,1101,1028,792,645,501,467,401,361,304,225,275,11417
115021297,Dural - Kenthurst - Wisemans Ferry,979,1398,1758,1720,1453,1000,816,1082,1331,1722,1780,1680,1425,1199,1213,896,591,543,22586
115021298,Galston - Laughtondale,234,309,400,407,262,238,226,252,291,386,407,408,391,315,295,253,175,189,5438
115031299,Bilpin - Colo - St Albans,136,139,175,154,131,110,134,142,160,248,223,280,240,173,183,137,61,28,2854
115031300,Kurrajong Heights - Ebenezer,1349,1455,1559,1574,1406,1258,1338,1281,1277,1571,1723,1603,1534,1152,974,648,332,262,22296
115041301,Pitt Town - McGraths Hill,695,813,916,815,715,567,627,726,732,860,823,724,671,556,512,360,200,138,11450
115041623,Box Hill - Nelson,1161,1041,763,468,490,784,1182,1336,933,579,427,282,307,245,179,102,26,25,10330
115041624,North Kellyville,1637,1728,1493,1050,957,990,1502,2029,1728,1224,843,644,532,408,330,178,106,107,17486
115041625,Rouse Hill - Beaumont Hills,994,1390,1570,1599,1224,736,845,1403,1492,1687,1403,1026,760,568,411,275,153,73,17609
116011303,Blacktown (East) - Kings Park,1310,1028,840,730,1436,1824,1850,1755,1241,911,780,767,681,647,504,349,248,281,17182
116011304,Blacktown (North) - Marayong,1555,1430,1266,1105,1543,1798,1808,1836,1438,1161,1005,1072,927,902,798,455,306,336,20741
116011306,Doonside - Woodcroft,1484,1583,1696,1507,1655,1701,1652,1929,1656,1573,1484,1388,1358,1100,884,491,245,217,23603
116011307,Lalor Park - Kings Langley,1644,1816,1627,1468,1599,1516,1772,2007,1905,1697,1599,1481,1459,1323,1109,665,426,452,25565
116011560,Blacktown - South,798,911,904,767,888,939,893,1099,898,797,756,768,616,528,411,304,258,148,12683
116011561,Blacktown - West,1221,1094,981,965,1405,1504,1441,1327,1149,978,1008,935,840,647,517,428,346,452,17238
116011626,Seven Hills - Prospect,955,831,889,883,1029,1137,1217,1174,1029,978,848,866,855,720,640,443,250,179,14923
116011627,Toongabbie - West,883,834,727,585,724,955,1023,1214,932,670,599,520,513,422,424,303,171,124,11623
116021309,Glenwood,824,1158,1375,1270,1174,776,803,1205,1485,1308,1204,975,769,566,476,283,148,71,15870
116021562,Acacia Gardens,248,299,274,241,221,204,295,338,325,278,232,230,179,119,113,48,28,9,3681
116021563,Quakers Hill,1944,2111,1771,1472,1587,1699,2033,2574,2017,1657,1414,1268,1078,864,659,336,202,184,24870
116021628,Kellyville Ridge - The Ponds,1508,2164,2066,1511,1070,829,1184,2205,2328,1924,1239,831,602,577,475,342,171,176,21202
116021629,Marsden Park - Shanes Park,1832,1730,1130,658,663,1125,1900,2414,1448,753,442,384,359,327,241,129,81,20,15636
116021630,Riverstone,1462,1088,906,765,914,1247,1492,1369,992,795,699,586,506,388,307,195,111,83,13905
116021631,Schofields (West) - Colebee,1047,964,704,546,573,578,1111,1389,917,593,461,380,309,210,147,70,37,17,10053
116021632,Schofields - East,2576,2576,1982,1268,1547,1941,2988,3664,2549,1358,790,623,533,406,279,128,52,54,25314
116021633,Stanhope Gardens - Parklea,760,919,1019,905,832,794,940,1319,1290,1132,783,704,510,449,363,177,158,47,13101
116031313,Bidwill - Hebersham - Emerton,1508,1647,1629,1369,1351,1363,1243,1108,983,1093,1093,1008,938,800,761,449,257,138,18738
116031314,Glendenning - Dean Park,612,698,633,582,583,606,647,660,664,533,497,488,393,318,208,126,69,98,8415
116031315,Hassall Grove - Plumpton,1437,1633,1738,1612,1722,1570,1453,1469,1394,1455,1486,1381,1203,823,552,288,184,171,21571
116031316,Lethbridge Park - Tregear,1959,2105,1856,1528,1521,1573,1594,1803,1419,1201,1184,969,840,637,674,530,306,168,21867
116031317,Mount Druitt - Whalan,1876,1900,1791,1562,1599,1646,1761,1900,1590,1352,1300,1250,1048,894,725,460,307,214,23175
116031318,Prospect Reservoir,0,0,0,0,1,5,3,1,1,3,0,0,2,0,0,0,0,0,16
116031319,Rooty Hill - Minchinbury,1587,1583,1564,1473,1606,1582,1624,1689,1550,1427,1360,1415,1252,962,869,501,346,596,22986
117011320,Banksmeadow,25,15,10,7,47,76,141,64,45,38,18,0,6,9,6,0,0,0,507
117011321,Botany,926,826,776,681,750,987,1176,1205,1001,1020,826,766,591,472,413,264,209,146,13035
117011323,Pagewood - Hillsdale - Daceyville,882,742,809,759,1219,1415,1443,1244,972,936,835,821,648,563,540,434,300,267,14829
117011324,Port Botany Industrial,0,0,1,0,0,0,0,0,0,2,0,0,3,3,0,0,0,0,9
117011325,Sydney Airport,0,0,1,5,1,3,1,3,2,0,2,1,2,0,2,0,0,0,23
117011634,Eastlakes,468,478,460,472,546,611,668,649,605,635,598,558,471,453,426,357,290,222,8967
117011635,Mascot,1142,800,609,741,2970,4188,3335,2034,1228,968,811,737,648,530,370,303,219,186,21819
117021327,Petersham - Stanmore,819,824,854,835,1595,2403,2208,1851,1522,1547,1385,1112,857,665,596,409,299,286,20067
117021328,Sydenham - Tempe - St Peters,486,401,371,278,469,874,1035,926,733,576,506,425,330,319,235,156,117,98,8335
117021636,Marrickville - North,639,565,565,421,677,1265,1492,1197,964,931,773,655,571,472,396,326,237,220,12366
117021637,Marrickville - South,613,572,637,571,985,1556,1608,1258,1012,966,946,806,714,575,482,383,316,334,14334
117031329,Darlinghurst,243,176,155,164,748,1614,1730,1217,910,728,688,642,559,404,359,225,124,90,10776
117031330,Erskineville - Alexandria,930,673,501,391,1116,2984,3356,2537,1783,1373,1087,860,661,434,321,174,115,72,19368
117031331,Glebe - Forest Lodge,818,652,563,615,1977,2629,2499,2016,1486,1296,1156,1142,1055,893,777,465,258,196,20493
117031333,Potts Point - Woolloomooloo,364,233,216,262,1050,2433,2917,2063,1421,1271,1167,1058,1070,847,786,538,330,417,18443
117031336,Surry Hills,379,277,239,220,1359,2637,2643,1840,1303,1026,996,847,661,507,386,276,225,232,16053
117031638,Camperdown - Darlington,242,196,193,826,1602,1244,961,670,529,477,409,319,274,182,144,102,43,29,8442
117031639,Chippendale,153,78,45,293,2061,1851,1279,683,415,265,219,187,162,127,79,42,13,4,7956
117031640,Newtown (NSW),531,432,487,482,1499,2275,2061,1449,1080,1050,935,809,617,453,350,181,104,98,14893
117031641,Pyrmont,622,380,320,314,757,1505,1787,1602,1109,803,699,673,642,577,504,298,155,90,12837
117031642,Redfern,474,382,316,309,1174,1963,1846,1402,1010,861,879,777,673,551,469,303,286,206,13881
117031643,Rosebery - Beaconsfield,772,372,271,361,1272,2063,2100,1457,843,600,551,439,375,279,245,174,126,108,12408
117031644,Sydney (North) - Millers Point,214,137,109,174,672,1216,1102,884,615,517,466,475,402,368,344,253,146,105,8199
117031645,Sydney (South) - Haymarket,499,300,222,500,2920,4586,4031,2538,1429,810,599,560,427,353,256,147,95,74,20346
117031646,Ultimo,228,167,92,299,1312,1509,1205,785,494,335,274,223,169,174,120,66,56,50,7558
117031647,Waterloo,678,335,271,323,1649,2948,3000,1891,1136,733,719,643,601,501,461,301,243,206,16639
117031648,Zetland,572,298,170,293,1980,2927,2523,1509,725,485,340,313,231,214,144,63,36,23,12846
118011339,Bondi - Tamarama - Bronte,1069,933,929,755,952,2413,2564,1836,1340,1227,1151,931,769,616,626,436,372,378,19297
118011340,Bondi Beach - North Bondi,1174,939,1018,790,986,2728,3413,2293,1584,1453,1158,851,736,500,571,340,244,263,21041
118011341,Bondi Junction - Waverly,925,893,901,693,951,1985,2059,1563,1360,1139,1043,835,764,647,683,507,402,516,17866
118011342,Centennial Park,0,0,0,0,0,0,0,0,0,0,0,0,0,0,0,0,0,0,0
118011344,Dover Heights,628,738,813,677,596,602,773,848,853,960,737,662,568,508,466,331,200,224,11184
118011345,Paddington - Moore Park,701,627,610,546,979,1783,1543,1309,1069,1041,1009,855,674,572,602,456,293,258,14927
118011346,Rose Bay - Vaucluse - Watsons Bay,524,679,908,893,702,534,586,602,688,885,927,834,703,599,637,500,358,468,12027
118011347,Woollahra,387,417,375,298,370,582,599,537,494,444,470,420,370,368,446,354,260,295,7486
118011649,Bellevue Hill,683,757,892,856,802,1111,1128,1059,891,920,951,875,829,756,800,532,338,336,14516
118011650,Double Bay - Darling Point,447,376,343,308,517,943,1031,782,637,552,526,521,589,501,645,552,374,402,10046
118021564,Kensington (NSW),510,496,449,787,1808,1406,1151,915,748,633,572,541,457,353,348,291,234,276,11975
118021565,Kingsford,594,639,669,719,1748,1623,1227,989,862,838,741,696,568,515,425,328,275,319,13775
118021566,Maroubra - North,454,535,590,541,537,654,688,710,680,727,630,593,534,442,420,376,277,449,9837
118021567,Maroubra - South,624,653,596,498,541,765,1014,912,896,736,717,676,558,559,457,376,278,268,11124
118021568,Maroubra - West,550,484,504,462,746,889,942,805,730,660,591,540,505,395,360,300,236,212,9911
118021569,Randwick - North,967,893,746,570,822,1609,1899,1582,1245,1103,947,808,696,570,563,432,314,527,16293
118021570,Randwick - South,611,505,576,723,1011,1601,1434,1077,822,802,772,628,548,460,380,316,245,326,12837
118021651,Coogee - Clovelly,1062,958,936,769,992,2473,2558,1934,1504,1310,1199,1000,874,712,593,396,250,200,19720
118021652,Malabar - La Perouse,526,574,545,527,515,572,691,721,823,806,778,710,655,611,523,471,319,318,10685
118021653,Matraville - Chifley,762,899,933,845,786,634,723,859,925,1036,959,968,800,653,643,458,298,288,13469
118021654,South Coogee,301,411,424,360,310,282,271,352,361,411,456,395,313,259,264,191,142,137,5640
119011354,Bass Hill - Georges Hall,1773,1956,1915,1742,1558,1482,1464,1490,1489,1428,1376,1265,1198,983,941,768,502,636,23966
119011355,Chullora,142,108,88,93,119,147,169,157,106,74,71,72,44,48,27,6,9,0,1480
119011356,Condell Park,933,1074,1012,970,903,872,817,885,809,777,702,691,605,540,430,340,225,210,12795
119011358,Padstow,955,1004,963,1028,1096,1057,1171,1203,1042,1086,1141,1207,1138,832,710,547,438,596,17214
119011360,Revesby,1132,1140,1122,1089,1140,1141,1294,1298,1151,1146,1055,1065,1070,827,663,455,367,555,17710
119011361,Yagoona - Birrong,1716,1614,1576,1530,1658,1596,1651,1529,1271,1378,1260,1324,1300,1029,799,533,359,457,22580
119011571,Bankstown - North,1490,1193,968,896,1212,1522,1632,1453,1066,999,884,939,867,643,485,314,233,254,17050
119011572,Bankstown - South,1359,1177,1063,1060,1482,1874,1560,1402,1094,1069,980,1007,978,751,557,400,305,382,18500
119011655,Greenacre - North,1055,1079,1233,1153,1010,1025,857,902,907,862,856,835,765,667,491,384,287,330,14698
119011656,Greenacre - South,975,1189,1206,1057,987,864,782,913,827,790,747,725,670,507,449,294,256,206,13444
119011657,Panania (North) - Milperra,780,782,736,756,684,682,760,786,778,796,726,713,627,524,482,378,222,157,11369
119011658,Panania (South) - Picnic Point,938,1127,1144,1068,926,844,954,1153,1100,1171,1055,1023,966,764,684,422,326,347,16012
119021362,Belmore - Belfield,1155,1158,1177,1167,1350,1509,1505,1428,1333,1360,1394,1320,1131,900,858,626,538,496,20405
119021366,Punchbowl,1500,1566,1556,1507,1731,1857,1558,1472,1355,1233,1276,1214,1120,879,689,495,376,305,21689
119021367,Roselands,943,971,1011,941,908,977,924,976,995,965,986,900,771,616,582,445,306,368,14585
119021573,Lakemba,1648,1512,1124,800,1067,1721,1776,1496,1301,861,763,734,644,539,388,329,223,302,17228
119021574,Wiley Park,941,832,628,519,703,1096,1017,924,707,507,491,481,399,325,253,175,117,92,10207
119021659,Campsie - North,524,455,479,516,1082,1156,1120,977,794,850,843,782,672,554,375,252,235,264,11930
119021660,Campsie - South,441,391,321,318,859,967,992,824,629,558,598,588,481,388,270,188,139,155,9107
119021661,Canterbury - South,851,601,511,526,841,1205,1423,1134,789,776,711,689,579,425,365,307,250,285,12268
119021662,Earlwood,867,975,1166,1102,985,897,962,1118,1148,1461,1394,1209,1051,837,848,724,635,609,17988
119021663,Kingsgrove - North,384,421,448,368,353,286,339,422,478,433,439,372,308,295,286,246,191,197,6266
119031370,Narwee - Beverly Hills,754,731,771,701,878,1022,960,1029,869,868,869,930,830,745,626,413,372,449,13817
119031371,Oatley - Hurstville Grove,597,774,836,750,810,667,636,780,813,931,880,869,875,714,608,458,288,299,12585
119031372,Peakhurst - Lugarno,1099,1232,1268,1307,1208,1043,1172,1223,1293,1373,1334,1325,1217,982,995,828,622,740,20261
119031373,Riverwood,580,595,589,562,812,923,908,888,679,675,699,774,754,660,536,392,336,276,11638
119031374,South Hurstville - Blakehurst,1140,1368,1401,1387,2360,2264,1842,1603,1495,1529,1633,1677,1444,1194,1055,755,551,701,25399
119031664,Hurstville - Central,617,567,428,368,1593,1911,1547,1090,670,546,486,500,535,465,278,187,172,183,12143
119031665,Hurstville - North,499,607,640,709,976,968,844,813,682,725,801,881,755,667,519,393,298,346,12123
119031666,Mortdale - Oatley,820,964,875,812,908,940,957,1157,1070,1012,918,924,906,773,620,415,261,383,14715
119031667,Penshurst,527,500,384,445,768,928,893,776,594,575,512,612,560,463,355,237,191,236,9556
119041377,Kingsgrove (South) - Bardwell Park,708,742,771,765,788,734,832,861,844,970,831,881,744,670,587,481,372,410,12991
119041378,Kogarah,807,694,551,485,941,1422,1525,1346,939,746,659,598,557,425,385,322,269,446,13117
119041379,Kogarah Bay - Carlton - Allawah,846,826,882,814,1194,1339,1310,1264,1057,1002,1055,1044,945,759,639,483,353,425,16237
119041380,Monterey - Brighton-le-Sands - Kyeemagh,693,714,625,664,693,844,939,1049,1006,1017,1032,977,751,737,719,559,479,411,13909
119041381,Rockdale - Banksia,1154,876,793,751,1876,2233,2320,1910,1288,1090,1071,968,942,757,666,492,374,427,19988
119041382,Sans Souci - Ramsgate,936,899,882,857,739,871,1024,1110,1041,1192,1235,1144,1086,895,928,720,575,535,16669
119041668,Arncliffe - Bardwell Valley,1002,861,833,805,1198,1862,1983,1506,1093,967,881,860,690,589,526,381,311,303,16651
119041669,Bexley - North,631,657,694,616,653,573,659,714,636,663,620,611,575,495,428,296,270,370,10161
119041670,Bexley - South,926,849,772,736,1189,1369,1400,1229,1090,968,901,937,853,722,656,467,371,439,15874
119041671,Wolli Creek,549,203,96,182,1435,2598,2454,1333,615,351,254,228,214,153,102,62,26,6,10861
120011383,Concord - Mortlake - Cabarita,1094,1268,1368,1261,1206,1278,1506,1523,1617,1651,1606,1650,1431,1326,1228,875,669,647,23204
120011385,Drummoyne - Rodd Point,981,1023,1103,900,878,1052,1349,1306,1302,1422,1330,1234,1064,922,870,623,434,613,18406
120011386,Five Dock - Abbotsford,1247,1155,1158,969,852,1109,1466,1733,1631,1560,1470,1414,1196,1067,1010,733,578,651,20999
120011672,Concord West - North Strathfield,694,783,795,735,940,1006,1035,1052,883,945,869,765,663,534,473,341,223,191,12927
120011673,Rhodes,811,404,199,206,992,2028,2392,1610,758,425,317,378,381,332,176,91,67,62,11629
120021387,Balmain,885,882,895,703,582,782,1068,1208,1264,1313,1246,1139,961,874,808,561,261,197,15629
120021389,Lilyfield - Rozelle,904,840,769,605,557,839,1060,1243,1245,1191,1070,930,696,640,531,354,196,199,13869
120021674,Annandale (NSW),502,557,482,406,560,803,877,808,776,758,682,559,490,402,390,203,128,133,9516
120021675,Leichhardt,1192,1167,1045,773,938,1289,1478,1646,1534,1475,1200,948,780,685,582,364,242,292,17630
120031392,Canterbury (North) - Ashbury,602,603,637,590,765,1081,1159,1070,845,793,758,782,594,507,455,326,259,223,12049
120031393,Croydon Park - Enfield,913,987,1029,1017,1016,1114,1144,1202,1110,1271,1261,1149,988,851,792,575,495,545,17459
120031394,Dulwich Hill - Lewisham,878,807,861,751,1088,1904,1997,1765,1377,1314,1169,1032,878,652,552,415,309,300,18049
120031395,Haberfield - Summer Hill,618,671,769,710,841,1059,1077,1012,874,1039,961,928,733,606,575,354,306,420,13553
120031396,Homebush,1366,1066,760,676,2189,3543,3418,2436,1278,903,714,748,647,514,280,196,161,128,21023
120031576,Strathfield South,194,262,224,184,230,268,283,286,271,245,230,229,217,168,136,99,58,64,3648
120031676,Ashfield - North,535,462,405,353,1065,1433,1370,1068,764,693,577,609,530,485,405,274,238,242,11508
120031677,Ashfield - South,516,484,444,449,993,1359,1268,999,787,667,683,717,616,515,450,400,349,578,12274
120031678,Burwood (NSW),590,471,427,549,2588,2682,2125,1296,767,746,724,695,648,509,413,268,239,311,16048
120031679,Croydon,461,529,638,609,795,786,797,689,690,785,690,769,703,539,472,345,302,398,10997
120031680,Strathfield - East,473,483,484,645,3279,2833,1905,1122,732,654,650,730,642,503,420,365,279,384,16583
120031681,Strathfield - West,366,509,581,617,715,642,598,543,480,557,641,676,600,500,425,310,234,298,9292
121011399,Chatswood (West) - Lane Cove North,1309,1316,1216,950,1139,1711,2007,2146,1850,1525,1306,1112,940,903,740,473,370,412,21425
121011401,St Leonards - Naremburn,765,607,451,338,562,1271,1613,1508,1116,832,617,594,497,428,363,202,124,98,11986
121011682,Artarmon,534,765,599,392,491,677,821,1058,883,680,540,443,417,383,297,201,132,156,9469
121011683,Castle Cove - Northbridge,528,959,1228,1077,693,345,348,564,920,1097,1140,1024,844,692,700,487,347,475,13468
121011684,Chatswood - East,1017,1205,1135,974,1255,1619,1749,1954,1702,1414,1047,886,846,757,757,525,389,539,19770
121011685,Greenwich - Riverview,585,792,953,892,772,750,737,805,830,983,984,880,768,653,589,443,290,274,12980
121011686,Lane Cove,1090,1156,909,774,708,984,1416,1607,1386,1109,909,827,694,612,608,472,302,368,15931
121011687,Willoughby,779,1050,1015,847,595,491,593,965,1101,1108,962,813,645,545,502,367,275,371,13024
121021403,Asquith - Mount Colah,1363,1586,1655,1437,1221,1072,1381,1733,1810,1779,1489,1410,1273,985,808,538,339,255,22134
121021404,Berowra - Brooklyn - Cowan,645,868,941,864,629,354,461,720,853,1046,904,862,728,608,546,424,202,138,11793
121021406,Normanhurst - Thornleigh - Westleigh,1003,1392,1528,1340,1092,679,818,1303,1409,1573,1440,1237,1036,882,802,661,494,510,19199
121021577,Hornsby - East,778,614,516,429,828,1131,1312,1197,1061,790,681,595,592,473,397,244,190,170,11998
121021578,Hornsby - West,585,795,755,643,539,455,545,815,925,800,760,644,592,542,489,323,200,246,10653
121021579,Wahroonga (West) - Waitara,798,940,652,461,466,645,973,1513,1091,737,593,468,478,475,414,349,321,515,11889
121031407,Gordon - Killara,913,1355,1776,1721,1462,1094,1154,1422,1583,1742,1686,1484,1274,1101,954,734,522,615,22592
121031408,Lindfield - Roseville,1211,1840,2043,1771,1404,1071,1126,1604,1837,1868,1840,1581,1333,1149,1113,802,544,617,24754
121031409,Pymble,831,1300,1452,1322,1024,636,680,1087,1273,1299,1379,1242,1004,785,766,513,312,357,17262
121031410,St Ives,1051,1717,1853,1404,1047,547,744,1359,1649,1686,1546,1432,1191,1129,997,946,719,756,21773
121031411,Turramurra,953,1346,1509,1424,1046,630,709,1154,1354,1500,1501,1371,1065,952,988,930,779,1110,20321
121031412,Wahroonga (East) - Warrawee,794,1221,1454,1518,1069,565,621,1041,1244,1398,1461,1220,1084,829,866,723,498,638,18244
121041413,Cremorne - Cammeray,1073,1032,952,741,781,1303,1702,1640,1459,1384,1306,1160,1026,1012,985,695,412,326,18989
121041414,Crows Nest - Waverton,989,771,617,504,955,1883,2193,1960,1539,1225,1092,846,886,760,750,528,299,239,18036
121041416,Neutral Bay - Kirribilli,738,630,538,497,943,1836,2043,1541,1292,1060,989,966,953,847,813,677,479,499,17341
121041417,North Sydney - Lavender Bay,516,383,328,396,677,1373,1731,1375,916,768,742,775,665,556,569,432,255,121,12578
121041688,Mosman - North,576,715,844,735,620,682,834,928,869,979,975,965,855,769,795,688,481,510,13820
121041689,Mosman - South,686,842,1036,891,738,667,843,907,964,1142,1146,994,902,754,750,635,356,388,14641
122011418,Balgowlah - Clontarf - Seaforth,1168,1563,1841,1516,1039,734,810,1159,1510,1870,1720,1566,1111,873,838,675,431,429,20853
122011419,Manly - Fairlight,1271,1033,987,904,1047,2031,2618,2139,1683,1498,1411,1383,1254,934,893,731,447,464,22728
122021420,Avalon - Palm Beach,568,839,885,849,638,405,426,593,741,927,912,1032,1074,947,882,644,348,368,13078
122021421,Bayview - Elanora Heights,484,695,764,765,537,367,341,510,620,806,856,864,781,702,690,608,458,409,11257
122021422,Newport - Bilgola,649,747,974,881,727,575,623,672,757,1004,1083,1150,1083,893,768,588,305,220,13699
122021690,Mona Vale - Warriewood (North),728,854,1066,849,775,567,637,771,942,1110,945,945,858,847,816,707,549,661,14627
122021691,North Narrabeen - Warriewood (South),702,822,849,763,527,476,595,679,839,891,817,716,627,500,455,287,200,151,10896
122031424,Beacon Hill - Narraweena,858,957,1092,962,891,624,662,894,973,1145,1075,1012,844,652,575,511,398,424,14549
122031425,Cromer,492,562,608,581,403,291,345,470,569,662,581,473,398,330,413,351,274,249,8052
122031427,Forestville - Killarney Heights,644,927,1260,1028,715,353,388,677,944,1157,1042,899,655,522,503,519,447,479,13159
122031429,Freshwater - Brookvale,1347,1253,1385,1198,1096,1670,2197,1852,1676,1709,1596,1284,1083,871,658,463,325,346,22009
122031430,Manly Vale - Allambie Heights,1017,1338,1522,1072,829,805,962,1137,1477,1509,1374,1007,828,688,656,493,367,535,17616
122031432,Terrey Hills - Duffys Forest,154,246,280,261,217,132,116,170,213,297,313,277,255,212,227,197,95,136,3798
122031692,Belrose,390,553,692,619,457,244,227,399,572,691,661,538,380,375,493,524,400,453,8668
122031693,Collaroy - Collaroy Plateau,775,842,900,966,833,755,853,900,926,1066,1074,937,834,662,573,438,294,354,13982
122031694,Dee Why (South) - North Curl Curl,535,554,656,601,600,609,662,649,616,724,726,641,492,340,279,199,133,132,9148
122031695,Dee Why - North,1137,813,672,628,1141,1819,2159,1902,1442,1205,1074,985,853,666,504,377,285,252,17914
122031696,Frenchs Forest - Oxford Falls,958,1329,1502,1331,940,594,626,1002,1254,1564,1375,1113,818,732,734,662,393,271,17198
122031697,Narrabeen - Wheeler Heights,596,547,567,534,543,590,705,736,709,745,725,687,589,557,579,517,504,820,11250
123011433,Camden - Ellis Lane,743,892,991,815,681,631,694,816,841,882,850,700,769,704,739,535,431,621,13335
123011698,Currans Hill,657,547,517,425,402,579,614,523,434,466,339,312,245,168,124,83,37,20,6492
123011699,Elderslie - Narellan,1161,1164,1073,982,824,901,1063,1096,950,941,810,745,656,565,480,333,197,139,14080
123011700,Harrington Park,717,923,1076,1000,806,464,547,786,873,1136,828,600,516,362,300,158,129,58,11279
123011701,Mount Annan,1332,1533,1602,1535,1325,1124,1200,1361,1394,1509,1372,1204,880,663,545,316,151,100,19146
123011702,Spring Farm,1251,882,658,451,536,1018,1239,1010,614,504,369,295,268,203,165,72,39,18,9592
123021436,Bradbury - Wedderburn,1636,1624,1580,1393,1327,1496,1490,1503,1311,1264,1079,1092,930,826,739,491,269,149,20199
123021437,Campbelltown - Woodbine,1608,1421,1338,1293,1778,1858,1935,1811,1505,1305,1112,1123,1009,876,875,599,438,378,22262
123021438,Claymore - Eagle Vale - Raby,1489,1621,1526,1341,1337,1423,1420,1609,1364,1214,1135,1290,1328,979,655,331,190,137,20389
123021439,Holsworthy Military Area,0,0,0,0,0,0,3,0,0,0,0,0,0,0,0,0,0,0,3
123021441,Leumeah - Minto Heights,1159,1139,1097,1023,1021,1127,1186,1297,1126,1018,903,923,957,951,891,531,275,181,16805
123021443,Minto - St Andrews,1533,1811,1664,1347,1377,1333,1633,1808,1511,1382,1216,1308,1120,1013,720,391,213,140,21520
123021444,Rosemeadow - Glen Alpine,1325,1500,1568,1449,1387,1379,1373,1384,1235,1242,1232,1368,1428,1225,1016,613,332,242,21298
123021703,Denham Court - Bardia,1692,1441,954,700,845,1178,1808,1908,1188,785,527,504,446,325,281,180,122,74,14958
123021704,Glenfield,809,798,616,586,644,715,858,961,804,667,587,584,484,416,306,235,193,328,10591
123021705,Ingleburn,1190,1176,1086,969,1072,1130,1180,1355,1186,1006,1032,1094,1083,817,621,367,236,177,16777
123021706,Macquarie Fields,1005,1116,1139,990,865,871,972,1081,1016,930,794,854,743,627,535,382,213,127,14260
123031445,Bargo,333,415,473,434,348,283,339,357,364,427,414,365,361,312,310,202,143,88,5968
123031446,Douglas Park - Appin,912,941,858,711,558,516,774,879,723,730,668,662,576,488,458,289,208,191,11142
123031447,Picton - Tahmoor - Buxton,1399,1347,1313,1216,1236,1360,1284,1160,1067,1296,1234,1111,1072,957,783,560,330,344,19069
123031448,The Oaks - Oakdale,631,661,797,777,560,521,603,652,584,722,640,591,583,556,454,265,162,75,9834
124011449,Blackheath - Megalong Valley,201,294,324,250,144,208,283,312,322,387,410,518,497,488,473,343,189,118,5761
124011450,Blaxland - Warrimoo - Lapstone,1173,1325,1371,1303,936,810,1020,1198,1328,1372,1246,1196,1227,1181,1008,708,367,272,19041
124011451,Blue Mountains - North,0,0,0,0,2,0,0,0,0,0,0,1,3,2,1,0,0,0,9
124011452,Katoomba - Leura,487,634,648,649,544,561,695,741,785,939,990,957,1139,1175,1031,670,370,358,13373
124011453,Lawson - Hazelbrook - Linden,602,724,762,752,551,517,657,733,734,827,850,880,858,728,626,360,202,117,11480
124011454,Springwood - Winmalee,1199,1437,1615,1398,1064,890,1172,1404,1363,1561,1526,1404,1507,1344,1219,799,549,636,22087
124011455,Wentworth Falls,318,354,413,316,223,208,283,337,362,418,400,439,509,532,536,366,193,229,6436
124021456,Blue Mountains - South,0,0,0,0,0,0,0,0,0,1,0,2,0,0,4,0,0,0,7
124031457,Cambridge Park,1175,1177,1108,967,1030,1216,1245,1230,1051,975,844,831,947,853,736,391,184,155,16115
124031459,Emu Plains - Leonay,780,891,1046,883,835,750,785,916,977,1019,845,814,776,752,774,514,325,268,13950
124031460,Glenmore Park - Regentville,1424,1562,1756,1684,1507,1245,1375,1509,1529,1652,1494,1266,1121,805,600,324,178,131,21162
124031461,Jamisontown - South Penrith,1092,1167,1207,1077,1109,1253,1217,1318,1224,1073,917,901,930,907,891,548,337,237,17405
124031462,Kingswood - Werrington,2065,1980,1613,1445,1789,2003,2260,2283,1760,1575,1393,1078,993,815,713,483,343,291,24882
124031463,Mulgoa - Luddenham - Orchard Hills,957,936,968,854,768,720,810,978,840,832,741,698,597,448,420,267,154,100,12088
124031464,Penrith,1060,853,820,767,1755,2018,1605,1314,1137,1024,1009,932,828,707,737,570,443,560,18139
124031465,Warragamba - Silverdale,490,433,449,431,414,418,442,381,391,421,419,365,367,230,188,104,72,38,6053
124031707,Cranebrook - Castlereagh,1333,1365,1281,1174,1142,1290,1303,1251,1080,1083,1077,1060,943,677,515,274,180,112,17140
124031708,Jordan Springs - Llandilo,1579,1325,935,769,762,1104,1565,1532,1024,807,515,403,342,260,253,157,101,48,13481
124041466,Richmond - Clarendon,916,857,838,855,942,1243,1149,920,816,915,914,796,799,742,809,661,542,589,15303
124041467,Windsor - Bligh Park,1131,1038,1010,982,1077,1294,1232,970,897,880,1001,1108,850,658,499,330,262,171,15390
124041468,Yarramundi - Londonderry,345,413,464,508,599,585,563,557,535,552,529,509,423,351,297,166,110,58,7564
124051469,Erskine Park,383,429,432,489,480,490,444,400,425,389,481,564,446,308,197,98,45,22,6522
124051470,St Clair,1369,1417,1439,1306,1233,1401,1516,1452,1326,1219,1183,1239,1475,1081,731,359,177,137,20060
124051580,Colyton - Oxley Park,1074,1013,955,816,894,1023,1000,999,833,775,768,683,632,516,490,347,161,110,13089
124051581,St Marys - North St Marys,1388,1255,1118,944,1230,1477,1437,1336,1108,1074,1015,969,832,688,586,402,287,318,17464
125011475,Rookwood Cemetery,0,0,1,0,4,0,0,0,0,0,0,0,0,0,0,0,0,0,5
125011582,Auburn - Central,1234,1154,990,945,2396,2579,2065,1542,1148,955,1027,936,800,645,471,338,227,211,19663
125011583,Auburn - North,650,521,398,357,1632,1689,1287,838,632,490,465,460,361,284,210,188,113,133,10708
125011584,Auburn - South,659,664,599,588,665,731,766,597,518,507,510,563,487,339,270,161,109,170,8903
125011585,Berala,449,479,419,462,692,769,815,604,495,530,589,600,517,410,318,187,152,160,8647
125011586,Lidcombe,1072,977,881,879,2052,2537,2335,1829,1283,1139,1281,1304,1243,951,587,418,289,277,21334
125011587,Regents Park,297,297,350,294,426,428,463,359,291,293,301,318,341,266,192,101,83,62,5162
125011709,Silverwater - Newington,500,673,580,466,543,666,848,1016,965,776,647,471,374,312,249,143,68,39,9336
125011710,Wentworth Point - Sydney Olympic Park,1645,758,429,351,1399,3622,4507,2988,1386,894,637,621,554,451,205,130,52,24,20653
125021477,Ermington - Rydalmere,1665,1620,1449,1380,1536,1746,2165,2096,1778,1677,1553,1538,1378,1052,840,535,409,392,24809
125021478,Oatlands - Dundas Valley,1043,1286,1245,1063,1094,1010,1192,1436,1286,1317,1253,1317,1149,911,682,484,375,414,18557
125021711,Carlingford - East,528,793,926,791,688,503,548,844,875,824,762,759,693,576,460,359,332,395,11656
125021712,Carlingford - West,1172,1754,1194,956,1116,1062,1353,1894,1484,1149,1120,1078,1064,900,759,606,386,250,19297
125031479,Chester Hill - Sefton,1425,1513,1633,1559,1552,1509,1467,1385,1269,1241,1247,1243,1113,874,654,423,325,493,20925
125031480,Fairfield - East,1000,997,1097,1079,1148,1102,1115,981,937,973,997,948,864,775,617,387,308,469,15794
125031481,Granville - Clyde,1575,1420,1257,1204,2610,2829,2387,1887,1383,1213,1165,1150,1003,824,635,409,263,219,23433
125031483,Guildford - South Granville,1934,1810,1723,1631,1744,1852,1780,1667,1296,1228,1116,1115,1095,865,614,460,325,301,22556
125031484,Guildford West - Merrylands West,1815,1673,1648,1534,1645,2069,1878,1725,1471,1342,1292,1190,1044,842,683,489,376,408,23124
125031486,Smithfield Industrial,0,0,1,1,3,0,3,3,0,0,1,0,1,0,0,0,0,0,13
125031487,Yennora Industrial,0,0,2,0,0,4,0,0,1,2,2,0,0,0,2,0,0,0,13
125031713,Greystanes - South,1121,1189,1243,1042,897,884,985,1142,1158,1120,1053,906,825,791,920,666,423,283,16648
125031714,Merrylands - Holroyd,1967,1578,1378,1274,1800,2317,2427,2027,1590,1350,1253,1304,1073,838,694,526,323,288,24007
125031715,Pemulwuy - Greystanes (North),708,865,861,691,629,570,644,833,969,777,653,609,449,441,420,343,225,220,10907
125031716,South Wentworthville,526,544,492,456,525,540,556,625,559,460,407,398,352,243,235,163,121,132,7334
125041489,North Parramatta,1530,1353,1057,921,1479,2206,2761,2717,1944,1334,1128,1105,1039,814,608,424,285,365,23070
125041490,North Rocks,447,619,639,509,442,363,430,616,627,643,539,517,492,423,453,364,191,152,8466
125041491,Northmead,1631,1369,1023,765,1270,2036,2393,2463,1594,1155,919,784,730,624,586,440,313,328,20423
125041493,Toongabbie - Constitution Hill,1364,1471,1457,1298,1427,1696,1554,1834,1534,1528,1383,1329,1213,1039,898,736,626,617,23004
125041494,Winston Hills,727,879,824,722,521,450,537,851,900,843,712,631,527,501,538,528,261,247,11199
125041588,Pendle Hill - Girraween,901,1259,992,649,745,898,1106,1644,1286,848,697,659,534,473,445,302,277,274,13989
125041589,Wentworthville - Westmead,1693,1666,1245,862,1371,2268,2666,2837,1740,1092,867,863,735,561,471,302,260,255,21754
125041717,Parramatta - North,890,658,346,218,1162,2144,2352,1841,852,404,292,267,238,212,154,79,64,30,12203
125041718,Parramatta - South,686,576,346,294,995,1492,1446,1236,704,471,393,346,301,247,163,123,76,65,9960
125041719,Rosehill - Harris Park,630,557,323,218,847,1462,1363,1152,606,392,327,313,285,232,158,86,72,97,9120
126011496,Pennant Hills - Cheltenham,1014,1550,1635,1453,1255,845,910,1324,1615,1597,1581,1530,1333,1183,1045,810,570,563,21813
126011720,Epping (East) - North Epping,740,1004,991,785,929,1096,1245,1294,1098,932,817,813,734,597,462,300,301,317,14455
126011721,Epping (NSW) - West,964,1291,1362,998,1194,1309,1575,1658,1437,1291,996,1067,999,953,669,415,280,299,18757
126021498,Gladesville - Huntleys Point,845,902,896,802,828,1085,1204,1176,1143,1126,1056,958,845,687,665,486,357,425,15486
126021499,Hunters Hill - Woolwich,432,575,760,785,519,295,343,479,573,724,743,663,578,533,536,416,304,609,9867
126021500,Macquarie Park - Marsfield,1305,1128,872,1065,2427,2765,2992,2409,1585,1216,1034,1003,905,845,743,536,469,738,24037
126021501,North Ryde - East Ryde,912,981,863,787,972,1110,1427,1346,1134,1023,960,967,882,676,532,359,346,389,15666
126021503,West Ryde - Meadowbank,1241,1090,862,782,1262,1967,2341,2166,1558,1220,1049,1068,1002,842,669,453,325,308,20205
126021590,Putney,169,243,294,297,291,214,176,243,241,265,332,350,309,256,209,113,77,82,4161
126021722,Denistone,343,496,486,428,397,308,338,456,510,468,473,515,487,422,368,169,162,163,6989
126021723,Eastwood,952,1132,924,867,1275,1516,1533,1653,1314,1137,1089,1314,1105,1091,800,549,396,409,19056
126021724,Ryde - North,1134,1227,1142,1027,1273,1343,1637,1737,1546,1345,1342,1245,1160,885,822,572,450,498,20385
126021725,Ryde - South,927,704,412,335,636,1471,1971,1520,894,576,452,463,411,342,277,188,194,272,12045
127011504,Ashcroft - Busby - Miller,1343,1532,1536,1439,1312,1175,1126,1180,1035,1007,1031,1188,1014,723,513,378,324,232,18088
127011505,Austral - Greendale,1022,883,840,782,829,1009,1112,1052,758,732,706,620,542,511,451,283,191,231,12554
127011592,Badgerys Creek,0,0,1,0,3,0,4,0,1,4,1,1,2,0,2,1,2,1,23
127011593,Cecil Hills,288,438,529,635,604,438,349,364,369,533,553,541,452,350,226,122,80,57,6928
127011594,Green Valley,784,834,930,975,1056,904,751,775,789,841,884,929,879,658,419,286,156,103,12953
127011595,Hinchinbrook,851,995,1053,1015,998,885,794,917,884,833,897,924,701,518,380,198,132,88,13063
127011596,Hoxton Park - Carnes Hill - Horningsea Park,908,1108,1220,1094,925,840,863,1056,1013,967,854,780,593,424,299,181,109,65,13299
127011597,West Hoxton - Middleton Grange,1333,1529,1553,1400,1215,1005,1182,1465,1369,1295,1083,873,688,475,356,206,119,98,17244
127011726,Cobbitty - Bringelly,395,310,344,276,280,385,378,335,295,302,246,250,243,229,212,158,94,42,4774
127011727,Gledswood Hills - Gregory Hills,1896,1307,936,680,732,1434,1901,1633,1075,740,547,495,405,299,166,92,31,32,14401
127011728,Leppington - Catherine Field,1296,981,818,644,730,1065,1362,1158,848,665,579,566,454,418,431,303,174,101,12593
127011729,Oran Park,2252,1827,1276,940,1029,1518,2186,2034,1329,912,635,501,432,361,255,136,77,59,17759
127021509,Bonnyrigg Heights - Bonnyrigg,893,1037,1277,1286,1232,1295,1021,1071,964,1107,1090,1211,1173,964,693,389,232,260,17195
127021510,Bossley Park - Abbotsbury,957,1187,1298,1399,1364,1199,1131,1070,1125,1245,1275,1404,1457,1218,965,580,439,428,19741
127021511,Cabramatta - Lansvale,1092,1288,1374,1577,1890,1768,1533,1460,1415,1638,1814,1737,1672,1333,942,579,474,619,24205
127021512,Cabramatta West - Mount Pritchard,1046,1234,1294,1376,1332,1279,1152,1107,1132,1216,1229,1197,1147,775,662,417,370,330,18295
127021513,Canley Vale - Canley Heights,1116,1367,1441,1601,1740,1650,1424,1457,1308,1507,1515,1565,1506,1045,761,524,383,455,22365
127021514,Edensor Park,559,618,628,708,772,696,684,592,561,617,672,763,749,603,484,253,172,160,10291
127021515,Fairfield,940,1071,1093,1151,1184,1241,1205,1212,1149,1201,1275,1296,1241,1009,752,536,375,354,18285
127021516,Fairfield - West,1236,1466,1614,1572,1519,1415,1287,1336,1331,1327,1393,1404,1196,973,812,641,450,333,21305
127021517,Greenfield Park - Prairiewood,452,535,584,642,624,587,498,519,529,508,579,595,594,514,452,310,206,142,8870
127021518,Horsley Park - Kemps Creek,183,240,271,323,331,261,193,195,223,312,320,318,273,238,239,174,135,119,4348
127021519,Smithfield - Wetherill Park,1176,1254,1371,1268,1247,1322,1284,1177,1127,1205,1175,1174,1228,1066,905,627,478,464,19548
127021520,St Johns Park - Wakeley,522,667,684,712,732,718,659,710,588,674,669,699,787,757,654,395,290,285,11202
127021521,Wetherill Park Industrial,2,0,0,0,0,2,2,2,3,1,5,9,8,3,0,2,0,0,39
127031522,Casula,1172,1180,1182,1161,1182,1110,1138,1137,994,1063,1087,1045,950,686,589,356,307,280,16619
127031523,Chipping Norton - Moorebank,1537,1648,1528,1291,1146,1173,1412,1657,1566,1426,1206,1183,1022,900,904,654,323,317,20893
127031524,Holsworthy - Wattle Grove,1471,1654,1487,1435,1525,1385,1522,1666,1510,1536,1446,1238,984,721,543,460,303,410,21296
127031599,Lurnea - Cartwright,1013,1085,1044,899,864,907,876,851,774,708,704,764,640,489,407,330,230,152,12737
127031601,Warwick Farm,440,368,281,275,409,545,585,545,470,352,318,321,342,232,183,125,103,68,5962
127031730,Edmondson Park,1241,1127,906,750,848,1017,1247,1365,1063,763,566,412,307,219,153,73,38,30,12125
127031731,Liverpool - East,1463,1064,823,736,1437,2128,2183,1664,1316,1007,824,751,690,573,426,286,170,116,17657
127031732,Liverpool - West,937,973,900,845,950,1051,991,972,808,780,824,826,759,638,517,397,291,304,13763
127031733,Prestons,947,1207,1434,1405,1222,885,890,1061,1115,1253,1069,955,787,502,341,233,194,232,15732
128011529,Gymea - Grays Point,1097,1228,1268,1225,1030,858,967,1164,1231,1413,1318,1238,1066,848,748,643,422,419,18183
128011530,Miranda - Yowie Bay,1227,1211,1229,1133,1133,1387,1412,1525,1406,1436,1263,1174,1067,964,857,795,652,898,20769
128011531,Sylvania - Taren Point,785,967,999,974,842,723,733,936,960,1136,1137,1051,924,805,907,914,716,951,16460
128011602,Caringbah,903,756,717,597,745,1023,1125,1017,920,899,797,690,651,555,520,381,259,327,12882
128011603,Caringbah South,852,949,899,835,715,516,640,789,827,955,839,833,849,734,643,424,326,403,13028
128011604,Cronulla - Kurnell - Bundeena,1207,1176,1166,1180,1373,1909,1866,1603,1427,1624,1590,1733,1829,1518,1318,852,514,648,24533
128011605,Lilli Pilli - Port Hacking - Dolans Bay,198,233,261,280,231,131,116,152,189,264,256,260,215,187,169,112,56,61,3371
128011606,Woolooware - Burraneer,487,508,577,618,603,558,519,589,515,592,671,617,569,516,404,271,172,182,8968
128021533,Heathcote - Waterfall,389,415,470,407,372,291,360,403,454,464,453,399,337,357,283,253,234,339,6680
128021534,Illawong - Alfords Point,542,632,682,739,659,549,536,547,616,683,647,798,979,766,557,288,188,161,10569
128021535,Menai - Lucas Heights - Woronora,1199,1386,1489,1468,1431,1011,1100,1252,1316,1452,1523,1511,1532,1236,925,550,294,334,21009
128021536,Oyster Bay - Como - Jannali,1331,1679,1746,1456,1118,922,1059,1541,1662,1861,1522,1319,1189,1084,1046,767,410,439,22151
128021537,Royal National Park,2,4,10,4,9,7,1,2,1,4,0,0,0,1,0,0,0,0,45
128021538,Sutherland - Kirrawee,1519,1292,1150,1117,1335,1852,2120,1945,1649,1569,1391,1285,1157,909,909,781,582,807,23369
128021607,Engadine,1157,1283,1469,1209,891,675,928,1229,1407,1315,1086,909,764,707,886,748,389,327,17379
128021608,Loftus - Yarrawarrah,503,487,575,508,380,293,426,493,494,564,477,450,387,418,335,263,192,109,7354
128021609,Woronora Heights,166,217,272,310,240,153,123,161,199,303,316,295,310,217,143,80,30,16,3551